<?xml version="1.0" encoding="utf-8"?>
<PopoEmoticons>
    <Catalog Title="default">
        <Emoticon File="emoji_00.png" ID="emoticon_emoji_00" Tag="[温馨]"/>
        <Emoticon File="emoji_01.png" ID="emoticon_emoji_01" Tag="[大笑]"/>
        <Emoticon File="emoji_02.png" ID="emoticon_emoji_02" Tag="[调皮]"/>
        <Emoticon File="emoji_03.png" ID="emoticon_emoji_03" Tag="[亲亲]"/>
        <Emoticon File="emoji_04.png" ID="emoticon_emoji_04" Tag="[得意]"/>
        <Emoticon File="emoji_05.png" ID="emoticon_emoji_05" Tag="[欣赏]"/>
        <Emoticon File="emoji_06.png" ID="emoticon_emoji_06" Tag="[疑问]"/>
        <Emoticon File="emoji_07.png" ID="emoticon_emoji_07" Tag="[笑]"/>
        <Emoticon File="emoji_08.png" ID="emoticon_emoji_08" Tag="[撇嘴]"/>
        <Emoticon File="emoji_09.png" ID="emoticon_emoji_09" Tag="[脸红]"/>
        <Emoticon File="emoji_10.png" ID="emoticon_emoji_10" Tag="[失望]"/>
        <Emoticon File="emoji_11.png" ID="emoticon_emoji_11" Tag="[难过]"/>
        <Emoticon File="emoji_12.png" ID="emoticon_emoji_12" Tag="[惊恐]"/>
        <Emoticon File="emoji_13.png" ID="emoticon_emoji_13" Tag="[天使]"/>
        <Emoticon File="emoji_14.png" ID="emoticon_emoji_14" Tag="[生气]"/>
        <Emoticon File="emoji_15.png" ID="emoticon_emoji_15" Tag="[猫脸笑]"/>
        <Emoticon File="emoji_16.png" ID="emoticon_emoji_16" Tag="[大哭]"/>
        <Emoticon File="emoji_17.png" ID="emoticon_emoji_17" Tag="[汗]"/>
        <Emoticon File="emoji_18.png" ID="emoticon_emoji_18" Tag="[尬笑]"/>
        <Emoticon File="emoji_19.png" ID="emoticon_emoji_19" Tag="[生病]"/>
        <Emoticon File="emoji_20.png" ID="emoticon_emoji_20" Tag="[不开心]"/>
        <Emoticon File="emoji_21.png" ID="emoticon_emoji_21" Tag="[睡着了]"/>
        <Emoticon File="emoji_22.png" ID="emoticon_emoji_22" Tag="[惊慌]"/>
        <Emoticon File="emoji_23.png" ID="emoticon_emoji_23" Tag="[美味]"/>
        <Emoticon File="emoji_24.png" ID="emoticon_emoji_24" Tag="[呲牙]"/>
        <Emoticon File="emoji_25.png" ID="emoticon_emoji_25" Tag="[皱眉]"/>
        <Emoticon File="emoji_27.png" ID="emoticon_emoji_27" Tag="[闭嘴]"/>
        <Emoticon File="emoji_28.png" ID="emoticon_emoji_28" Tag="[破涕为笑]"/>
        <Emoticon File="emoji_29.png" ID="emoticon_emoji_29" Tag="[困]"/>
        <Emoticon File="emoji_30.png" ID="emoticon_emoji_30" Tag="[迷惑]"/>
        <Emoticon File="emoji_31.png" ID="emoticon_emoji_31" Tag="[惊讶]"/>
        <Emoticon File="emoji_32.png" ID="emoticon_emoji_32" Tag="[翻白眼]"/>
        <Emoticon File="emoji_33.png" ID="emoticon_emoji_33" Tag="[愤怒]"/>
        <Emoticon File="emoji_34.png" ID="emoticon_emoji_34" Tag="[疲倦]"/>
        <Emoticon File="emoji_35.png" ID="emoticon_emoji_35" Tag="[饥饿]"/>
        <Emoticon File="emoji_36.png" ID="emoticon_emoji_36" Tag="[无语]"/>
        <Emoticon File="emoji_37.png" ID="emoticon_emoji_37" Tag="[发呆]"/>
        <Emoticon File="emoji_38.png" ID="emoticon_emoji_38" Tag="[泪汪汪]"/>
        <Emoticon File="emoji_39.png" ID="emoticon_emoji_39" Tag="[OK]"/>
        <Emoticon File="emoji_40.png" ID="emoticon_emoji_40" Tag="[心动]"/>
        <Emoticon File="emoji_41.png" ID="emoticon_emoji_41" Tag="[心碎]"/>
        <Emoticon File="emoji_42.png" ID="emoticon_emoji_42" Tag="[棒]"/>
        <Emoticon File="emoji_43.png" ID="emoticon_emoji_43" Tag="[弱]"/>
        <Emoticon File="emoji_44.png" ID="emoticon_emoji_44" Tag="[拜托]"/>
        <Emoticon File="emoji_45.png" ID="emoticon_emoji_45" Tag="[强壮]"/>
        <Emoticon File="emoji_46.png" ID="emoticon_emoji_46" Tag="[碰杯]"/>
        <Emoticon File="emoji_47.png" ID="emoticon_emoji_47" Tag="[庆祝]"/>
        <Emoticon File="emoji_48.png" ID="emoticon_emoji_48" Tag="[西瓜]"/>
        <Emoticon File="emoji_49.png" ID="emoticon_emoji_49" Tag="[玫瑰]"/>
        <Emoticon File="emoji_50.png" ID="emoticon_emoji_50" Tag="[凋谢]"/>
        <Emoticon File="emoji_51.png" ID="emoticon_emoji_51" Tag="[刀]"/>
        <Emoticon File="emoji_52.png" ID="emoticon_emoji_52" Tag="[乒乓球]"/>
        <Emoticon File="emoji_53.png" ID="emoticon_emoji_53" Tag="[篮球]"/>
        <Emoticon File="emoji_54.png" ID="emoticon_emoji_54" Tag="[眼睛]"/>
        <Emoticon File="emoji_55.png" ID="emoticon_emoji_55" Tag="[蛋糕]"/>
        <Emoticon File="emoji_56.png" ID="emoticon_emoji_56" Tag="[太阳]"/>
        <Emoticon File="emoji_57.png" ID="emoticon_emoji_57" Tag="[便便]"/>
        <Emoticon File="emoji_58.png" ID="emoticon_emoji_58" Tag="[咖啡]"/>
        <Emoticon File="emoji_59.png" ID="emoticon_emoji_59" Tag="[红包]"/>
        <Emoticon File="emoji_60.png" ID="emoticon_emoji_60" Tag="[礼物]"/>
        <Emoticon File="emoji_61.png" ID="emoticon_emoji_60" Tag="[闪电]"/>
    </Catalog>
</PopoEmoticons>


